-- MySQL dump 10.13  Distrib 8.0.45, for Linux (x86_64)
--
-- Host: localhost    Database: usermanager
-- ------------------------------------------------------
-- Server version	8.0.45-0ubuntu0.24.04.1

/*!40101 SET @OLD_CHARACTER_SET_CLIENT=@@CHARACTER_SET_CLIENT */;
/*!40101 SET @OLD_CHARACTER_SET_RESULTS=@@CHARACTER_SET_RESULTS */;
/*!40101 SET @OLD_COLLATION_CONNECTION=@@COLLATION_CONNECTION */;
/*!50503 SET NAMES utf8mb4 */;
/*!40103 SET @OLD_TIME_ZONE=@@TIME_ZONE */;
/*!40103 SET TIME_ZONE='+00:00' */;
/*!40014 SET @OLD_UNIQUE_CHECKS=@@UNIQUE_CHECKS, UNIQUE_CHECKS=0 */;
/*!40014 SET @OLD_FOREIGN_KEY_CHECKS=@@FOREIGN_KEY_CHECKS, FOREIGN_KEY_CHECKS=0 */;
/*!40101 SET @OLD_SQL_MODE=@@SQL_MODE, SQL_MODE='NO_AUTO_VALUE_ON_ZERO' */;
/*!40111 SET @OLD_SQL_NOTES=@@SQL_NOTES, SQL_NOTES=0 */;

--
-- Table structure for table `Comment`
--

DROP TABLE IF EXISTS `Comment`;
/*!40101 SET @saved_cs_client     = @@character_set_client */;
/*!50503 SET character_set_client = utf8mb4 */;
CREATE TABLE `Comment` (
  `commentId` int NOT NULL AUTO_INCREMENT,
  `text` text NOT NULL,
  `origin` int NOT NULL,
  `creator` int NOT NULL,
  `parentId` int DEFAULT NULL,
  PRIMARY KEY (`commentId`),
  KEY `origin` (`origin`),
  KEY `creator` (`creator`),
  KEY `parentId` (`parentId`),
  CONSTRAINT `Comment_ibfk_1` FOREIGN KEY (`origin`) REFERENCES `Post` (`postId`) ON DELETE CASCADE ON UPDATE CASCADE,
  CONSTRAINT `Comment_ibfk_2` FOREIGN KEY (`creator`) REFERENCES `User` (`userId`) ON DELETE CASCADE ON UPDATE CASCADE,
  CONSTRAINT `Comment_ibfk_3` FOREIGN KEY (`parentId`) REFERENCES `Comment` (`commentId`) ON DELETE CASCADE ON UPDATE CASCADE
) ENGINE=InnoDB AUTO_INCREMENT=11 DEFAULT CHARSET=utf8mb4 COLLATE=utf8mb4_0900_ai_ci;
/*!40101 SET character_set_client = @saved_cs_client */;

--
-- Dumping data for table `Comment`
--

LOCK TABLES `Comment` WRITE;
/*!40000 ALTER TABLE `Comment` DISABLE KEYS */;
INSERT INTO `Comment` VALUES (1,'Toller Post!',1,1,NULL),(2,'nooooiii',2,2,NULL),(3,'yess',2,2,NULL),(4,'@bloom yessss',2,3,2),(5,'@zoe whyyyy',2,2,4),(7,'definetelyyyy',6,1,NULL),(8,'@bloom hii',2,1,3);
/*!40000 ALTER TABLE `Comment` ENABLE KEYS */;
UNLOCK TABLES;

--
-- Table structure for table `Post`
--

DROP TABLE IF EXISTS `Post`;
/*!40101 SET @saved_cs_client     = @@character_set_client */;
/*!50503 SET character_set_client = utf8mb4 */;
CREATE TABLE `Post` (
  `postId` int NOT NULL AUTO_INCREMENT,
  `text` text NOT NULL,
  `creationDate` datetime NOT NULL DEFAULT CURRENT_TIMESTAMP,
  `creator` int NOT NULL,
  PRIMARY KEY (`postId`),
  KEY `creator` (`creator`),
  CONSTRAINT `Post_ibfk_1` FOREIGN KEY (`creator`) REFERENCES `User` (`userId`) ON DELETE CASCADE ON UPDATE CASCADE
) ENGINE=InnoDB AUTO_INCREMENT=9 DEFAULT CHARSET=utf8mb4 COLLATE=utf8mb4_0900_ai_ci;
/*!40101 SET character_set_client = @saved_cs_client */;

--
-- Dumping data for table `Post`
--

LOCK TABLES `Post` WRITE;
/*!40000 ALTER TABLE `Post` DISABLE KEYS */;
INSERT INTO `Post` VALUES (1,'Mein erster Post!','2026-05-24 13:06:20',1),(2,'hello','2026-05-24 13:45:26',2),(3,'hiii  :)','2026-05-24 13:51:04',3),(5,'off campus is still waiting for me','2026-05-24 14:41:51',2),(6,'logan is betterrr','2026-05-24 15:16:14',2),(8,'how are you doing guysss?','2026-05-26 01:23:13',1);
/*!40000 ALTER TABLE `Post` ENABLE KEYS */;
UNLOCK TABLES;

--
-- Table structure for table `User`
--

DROP TABLE IF EXISTS `User`;
/*!40101 SET @saved_cs_client     = @@character_set_client */;
/*!50503 SET character_set_client = utf8mb4 */;
CREATE TABLE `User` (
  `userId` int NOT NULL AUTO_INCREMENT,
  `firstname` varchar(100) NOT NULL,
  `lastname` varchar(100) NOT NULL,
  `username` varchar(100) NOT NULL,
  `email` varchar(100) NOT NULL,
  `password` varchar(255) NOT NULL,
  `bio` text,
  PRIMARY KEY (`userId`),
  UNIQUE KEY `username` (`username`),
  UNIQUE KEY `email` (`email`)
) ENGINE=InnoDB AUTO_INCREMENT=6 DEFAULT CHARSET=utf8mb4 COLLATE=utf8mb4_0900_ai_ci;
/*!40101 SET character_set_client = @saved_cs_client */;

--
-- Dumping data for table `User`
--

LOCK TABLES `User` WRITE;
/*!40000 ALTER TABLE `User` DISABLE KEYS */;
INSERT INTO `User` VALUES (1,'Beyza','Arikan','beyza','beyza@test.com','$2b$10$x6V.l4UBlIldsdviFfSyi.k3h2XAzM4Cqfix995Ychwck21X0k0YO',NULL),(2,'beyza','arÄ±kan','bloom','beyzaarikan14@gmail.com','$2b$10$4AecXV/zcaiWgNGoqot09eAW88bUktkhWJt3dWWkaJ97WAZZtklgq','hello from the other sidee'),(3,'zeynep','Ăśnver','zoe','zeynepunver2005@gmail.com','$2b$10$vf.9OBuuvSL/iElPTCCSje04f3KRhaTeIrRMomkxpR2uvYoR0.j4C',NULL);
/*!40000 ALTER TABLE `User` ENABLE KEYS */;
UNLOCK TABLES;
/*!40103 SET TIME_ZONE=@OLD_TIME_ZONE */;

/*!40101 SET SQL_MODE=@OLD_SQL_MODE */;
/*!40014 SET FOREIGN_KEY_CHECKS=@OLD_FOREIGN_KEY_CHECKS */;
/*!40014 SET UNIQUE_CHECKS=@OLD_UNIQUE_CHECKS */;
/*!40101 SET CHARACTER_SET_CLIENT=@OLD_CHARACTER_SET_CLIENT */;
/*!40101 SET CHARACTER_SET_RESULTS=@OLD_CHARACTER_SET_RESULTS */;
/*!40101 SET COLLATION_CONNECTION=@OLD_COLLATION_CONNECTION */;
/*!40111 SET SQL_NOTES=@OLD_SQL_NOTES */;

-- Dump completed on 2026-05-26  2:04:49
